DROP TABLE SERVED_TO;
DROP TABLE CONTAIN;
DROP TABLE INCLUDES;
DROP TABLE RESERVATION;
DROP TABLE SHIFT_TYPE;
DROP TABLE INGREDIENT;
DROP TABLE SUPPLIER;
DROP TABLE PRODUCT;
DROP TABLE DELIVERY;
DROP TABLE PAYMENT;
DROP TABLE ORDERED_PRODUCT;
DROP TABLE EMPLOYEE;
DROP TABLE JOB;
DROP TABLE DEPARTMENT;
DROP TABLE ONLINE_CUSTOMER;
DROP TABLE RESTAURANT_TABLE;
DROP TABLE RESTAURANT;

DROP SEQUENCE RESTAURANT_ID_SEQ;
DROP SEQUENCE TABLE_ID_SEQ;
DROP SEQUENCE CUSTOMER_ID_SEQ;
DROP SEQUENCE DEPARTMENT_ID_SEQ;
DROP SEQUENCE JOB_ID_SEQ;
DROP SEQUENCE EMPLOYEE_ID_SEQ;
DROP SEQUENCE ORDER_ID_SEQ;
DROP SEQUENCE PAYMENT_ID_SEQ;
DROP SEQUENCE DELIVERY_ID_SEQ;
DROP SEQUENCE PRODUCT_ID_SEQ;
DROP SEQUENCE SUPPLIER_ID_SEQ;
DROP SEQUENCE INGREDIENT_ID_SEQ;
DROP SEQUENCE SHIFT_TYPE_ID_SEQ;
DROP SEQUENCE RESERVATION_ID_SEQ;


DROP TRIGGER RESTAURANT_ID_TRIGGER;
DROP TRIGGER TABLE_ID_TRIGGER;
DROP TRIGGER CUSTOMER_ID_TRIGGER;
DROP TRIGGER DEPARTMENT_ID_TRIGGER;
DROP TRIGGER JOB_ID_TRIGGER;
DROP TRIGGER EMPLOYEE_ID_TRIGGER;
DROP TRIGGER ORDER_ID_TRIGGER;
DROP TRIGGER PAYMENT_ID_TRIGGER;
DROP TRIGGER DELIVERY_ID_TRIGGER;
DROP TRIGGER PRODUCT_ID_TRIGGER;
DROP TRIGGER SUPPLIER_ID_TRIGGER;
DROP TRIGGER INGREDIENT_ID_TRIGGER;
DROP TRIGGER SHIFT_TYPE_ID_TRIGGER;
DROP TRIGGER RESERVATION_ID_TRIGGER;

ALTER SESSION SET NLS_DATE_FORMAT='DD-MM-YYYY HH24:MI:SS';
/
CREATE TABLE RESTAURANT
            (
            RESTAURANT_ID NUMBER(5) NOT NULL,
            STREET_NUMBER VARCHAR2(10),
            STREET_NAME VARCHAR2(100) NOT NULL,
            CITY VARCHAR2(20) NOT NULL,
            STATE VARCHAR2(50) NOT NULL,
            PHONE_NUMBER NUMBER(14) NOT NULL,
            RESTAURANT_NAME VARCHAR2(100) NOT NULL,

            CONSTRAINT RESTAURANT_UNIQUE UNIQUE (PHONE_NUMBER, RESTAURANT_NAME),
            CONSTRAINT RESTAURANT_PK PRIMARY KEY (RESTAURANT_ID)
            );  
/
CREATE SEQUENCE RESTAURANT_ID_SEQ START WITH 1 INCREMENT BY 1;
/
CREATE TRIGGER RESTAURANT_ID_TRIGGER 
BEFORE INSERT on RESTAURANT
FOR EACH ROW
BEGIN
    :NEW.RESTAURANT_ID:= RESTAURANT_ID_SEQ.NEXTVAL;
END;
/
CREATE TABLE RESTAURANT_TABLE
            (
            TABLE_ID NUMBER(5) NOT NULL,
            CAPACITY NUMBER(4) NOT NULL,
            STATUS NUMBER(1) DEFAULT 0 NOT NULL, /*  0 --> UNRESERVED ::  1 --> RESERVED */
            AREA VARCHAR2(30) NOT NULL,
            RESTAURANT_ID NUMBER(5) NOT NULL,

            CONSTRAINT CHK_CAPACITY_AND_STATUS CHECK (CAPACITY >= 0 AND (STATUS = 1 OR STATUS = 0)),
            CONSTRAINT RESTAURANT_TABLE_PK PRIMARY KEY (TABLE_ID)
            );  
/
CREATE SEQUENCE TABLE_ID_SEQ START WITH 1 INCREMENT BY 1;
/
CREATE TRIGGER TABLE_ID_TRIGGER 
BEFORE INSERT on RESTAURANT_TABLE
FOR EACH ROW
BEGIN
    :NEW.TABLE_ID:= TABLE_ID_SEQ.NEXTVAL;
END;
/
CREATE TABLE ONLINE_CUSTOMER
            (
            CUSTOMER_ID NUMBER(5) NOT NULL,
            STREET_NUMBER VARCHAR2(10),
            STREET_NAME VARCHAR2(100) NOT NULL,
            APT_NUMBER VARCHAR2(10) NOT NULL,
            CITY VARCHAR2(20) NOT NULL,
            STATE VARCHAR2(50) NOT NULL,
            PHONE_NUMBER NUMBER(14) NOT NULL,
            FIRST_NAME VARCHAR2(30) NOT NULL,
            LAST_NAME VARCHAR2(30) NOT NULL,

            CONSTRAINT ONLINE_CUSTOMER_UNIQUE UNIQUE (PHONE_NUMBER),
            CONSTRAINT ONLINE_CUSTOMER_PK PRIMARY KEY (CUSTOMER_ID)
            );  
/
CREATE SEQUENCE CUSTOMER_ID_SEQ START WITH 1 INCREMENT BY 1;
/
CREATE TRIGGER CUSTOMER_ID_TRIGGER 
BEFORE INSERT on ONLINE_CUSTOMER
FOR EACH ROW
BEGIN
    :NEW.CUSTOMER_ID:= CUSTOMER_ID_SEQ.NEXTVAL;
END;
/
CREATE TABLE DEPARTMENT
            (
            DEPARTMENT_ID NUMBER(5) NOT NULL,
            DEPARTMENT_NAME VARCHAR2(50) NOT NULL,

            CONSTRAINT DEPARTMENT_UNIQUE UNIQUE (DEPARTMENT_NAME),
            CONSTRAINT DEPARTMENT_PK PRIMARY KEY (DEPARTMENT_ID)
            );  
/
CREATE SEQUENCE DEPARTMENT_ID_SEQ START WITH 1 INCREMENT BY 1;
/
CREATE TRIGGER DEPARTMENT_ID_TRIGGER 
BEFORE INSERT on DEPARTMENT
FOR EACH ROW
BEGIN
    :NEW.DEPARTMENT_ID:= DEPARTMENT_ID_SEQ.NEXTVAL;
END;
/
CREATE TABLE JOB
            (
            JOB_ID NUMBER(5) NOT NULL,
            JOB_TITLE VARCHAR2(50) NOT NULL,
            SALARY NUMBER(5) NOT NULL,
            DEPARTMENT_ID NUMBER(5) NOT NULL,

            CONSTRAINT CHK_SALARY CHECK (SALARY >= 4250),
            CONSTRAINT JOB_UNIQUE UNIQUE (JOB_TITLE),
            CONSTRAINT JOB_PK PRIMARY KEY (JOB_ID)
            );  
/
CREATE SEQUENCE JOB_ID_SEQ START WITH 1 INCREMENT BY 1;
/
CREATE TRIGGER JOB_ID_TRIGGER 
BEFORE INSERT on JOB
FOR EACH ROW
BEGIN
    :NEW.JOB_ID:= JOB_ID_SEQ.NEXTVAL;
END;
/
CREATE TABLE EMPLOYEE 
            (
            EMPLOYEE_ID NUMBER(5) NOT NULL,
            FIRST_NAME VARCHAR2(30) NOT NULL,
            LAST_NAME VARCHAR2(30) NOT NULL,
            PHONE_NUMBER NUMBER(14) NOT NULL,
            BIRTH_DATE DATE NOT NULL,
            STREET_NUMBER VARCHAR2(10),
            STREET_NAME VARCHAR2(100) NOT NULL,
            APT_NUMBER VARCHAR2(10) NOT NULL,
            CITY VARCHAR2(20) NOT NULL,
            STATE VARCHAR2(50) NOT NULL,
            GENDER VARCHAR2(10) NOT NULL,
            BONUS NUMBER(5),
            RESTAURANT_ID NUMBER(5) NOT NULL,
            JOB_ID NUMBER(5) NOT NULL,
            HIRE_DATE DATE NOT NULL,
            SHIFT_TYPE_ID NUMBER(5) NOT NULL, 

            CONSTRAINT CHK_BIRTH_AND_BONUS CHECK (BONUS >= 0),
            CONSTRAINT EMPLOYEE_UNIQUE UNIQUE (PHONE_NUMBER),
            CONSTRAINT EMPLOYEE_PK PRIMARY KEY (EMPLOYEE_ID)
            );
/
CREATE SEQUENCE EMPLOYEE_ID_SEQ START WITH 1 INCREMENT BY 1;
/
CREATE TRIGGER EMPLOYEE_ID_TRIGGER 
BEFORE INSERT on EMPLOYEE
FOR EACH ROW
BEGIN
    :NEW.EMPLOYEE_ID:= EMPLOYEE_ID_SEQ.NEXTVAL;
END;
/
CREATE TABLE ORDERED_PRODUCT
            (
            ORDER_ID NUMBER(10) NOT NULL,
            PRICE NUMBER(8,2) NOT NULL,
            SERVE_STATUS VARCHAR2(20) DEFAULT 'PREPARING' NOT NULL,
            ORDER_TYPE VARCHAR2(15) NOT NULL,
            EMPLOYEE_ID NUMBER(5) NOT NULL,
            CUSTOMER_ID NUMBER(5),
            ORDER_DATE DATE NOT NULL,

            CONSTRAINT CHK_PRICE CHECK (PRICE >= 0),
            CONSTRAINT ORDER_PK PRIMARY KEY (ORDER_ID)
            ); 
/
CREATE SEQUENCE ORDER_ID_SEQ START WITH 1 INCREMENT BY 1;
/
CREATE TRIGGER ORDER_ID_TRIGGER 
BEFORE INSERT on ORDERED_PRODUCT
FOR EACH ROW
BEGIN
    :NEW.ORDER_ID:= ORDER_ID_SEQ.NEXTVAL;
END;
/
CREATE TABLE PAYMENT 
            (
            PAYMENT_ID NUMBER(10) NOT NULL,
            PAYMENT_DATE DATE NOT NULL,
            AMOUNT NUMBER(8,2) NOT NULL,
            DISCOUNT NUMBER(3) DEFAULT 0,
            PAYMENT_TYPE VARCHAR2(20) NOT NULL,
            TIP NUMBER(8,2) DEFAULT 0,
            ORDER_ID NUMBER(10) NOT NULL,
            EMPLOYEE_ID NUMBER(5) NOT NULL,

            CONSTRAINT CHK_AMOUNT_DISCOUNT_TIP CHECK (AMOUNT >= 0 AND DISCOUNT >= 0 AND TIP >= 0),
            CONSTRAINT PAYMENT_UNIQUE UNIQUE (ORDER_ID),
            CONSTRAINT PAYMENT_PK PRIMARY KEY (PAYMENT_ID)
            );  
/
CREATE SEQUENCE PAYMENT_ID_SEQ START WITH 1 INCREMENT BY 1;
/
CREATE TRIGGER PAYMENT_ID_TRIGGER 
BEFORE INSERT on PAYMENT
FOR EACH ROW
BEGIN
    :NEW.PAYMENT_ID:= PAYMENT_ID_SEQ.NEXTVAL;
END;
/
CREATE TABLE DELIVERY 
            (
            DELIVERY_ID NUMBER(10) NOT NULL,
            DELIVERY_STATUS VARCHAR2(20) DEFAULT 'PREPARING',    
            ORDER_ID NUMBER(10) NOT NULL,
            EMPLOYEE_ID NUMBER(5) NOT NULL,

            CONSTRAINT DELIVERY_UNIQUE UNIQUE (ORDER_ID),
            CONSTRAINT DELIVERY_PK PRIMARY KEY (DELIVERY_ID)
            );  
/
CREATE SEQUENCE DELIVERY_ID_SEQ START WITH 1 INCREMENT BY 1;
/
CREATE TRIGGER DELIVERY_ID_TRIGGER 
BEFORE INSERT on DELIVERY
FOR EACH ROW
BEGIN
    :NEW.DELIVERY_ID:= DELIVERY_ID_SEQ.NEXTVAL;
END;
/
CREATE TABLE PRODUCT
            (
            PRODUCT_ID NUMBER(4) NOT NULL,
            PRODUCT_TYPE VARCHAR2(25) NOT NULL,    
            DESCRIPTION VARCHAR(50),
            IN_MENU NUMBER(1) DEFAULT 0 NOT NULL, /*  0 --> NOT IN MENU ::  1 --> IN MENU */
            PRODUCT_NAME VARCHAR2(50) NOT NULL,
            
            CONSTRAINT CHK_IN_MENU CHECK (IN_MENU = 0 OR IN_MENU = 1),
            CONSTRAINT PRODUCT_UNIQUE UNIQUE (PRODUCT_NAME),
            CONSTRAINT PRODUCT_PK PRIMARY KEY (PRODUCT_ID)
            );  
/
CREATE SEQUENCE PRODUCT_ID_SEQ START WITH 1 INCREMENT BY 1;
/
CREATE TRIGGER PRODUCT_ID_TRIGGER 
BEFORE INSERT on PRODUCT
FOR EACH ROW
BEGIN
    :NEW.PRODUCT_ID:= PRODUCT_ID_SEQ.NEXTVAL;
END;
/
CREATE TABLE SUPPLIER
            (
            SUPPLIER_ID NUMBER(5) NOT NULL,
            SUPPLIER_NAME VARCHAR2(50) NOT NULL,
            SUPPLIER_PHONE NUMBER(14) NOT NULL,
            STREET_NUMBER VARCHAR2(10),
            STREET_NAME VARCHAR2(100) NOT NULL,
            APT_NUMBER VARCHAR2(10) NOT NULL,
            CITY VARCHAR2(20) NOT NULL,
            STATE VARCHAR2(50) NOT NULL,
            CATEGORY VARCHAR2(30) NOT NULL,

            CONSTRAINT SUPPLIER_UNIQUE UNIQUE (SUPPLIER_NAME, SUPPLIER_PHONE),
            CONSTRAINT SUPPLIER_PK PRIMARY KEY (SUPPLIER_ID)
            ); 
/
CREATE SEQUENCE SUPPLIER_ID_SEQ START WITH 1 INCREMENT BY 1;
/
CREATE TRIGGER SUPPLIER_ID_TRIGGER 
BEFORE INSERT on SUPPLIER
FOR EACH ROW
BEGIN
    :NEW.SUPPLIER_ID:= SUPPLIER_ID_SEQ.NEXTVAL;
END;
/
CREATE TABLE INGREDIENT
            (
            INGREDIENT_ID NUMBER(5) NOT NULL,
            CATEGORY VARCHAR2(50) NOT NULL,
            FOOD_NAME VARCHAR2(20) NOT NULL,
            CURRENT_STOCK NUMBER(4) DEFAULT 0 NOT NULL,
            INGREDIENT_PRICE NUMBER(5) NOT NULL,
            SUPPLIER_ID NUMBER(5) NOT NULL,
            PROVIDE_DATE DATE NOT NULL,

            CONSTRAINT CHK_PRICE_STOCK CHECK (INGREDIENT_PRICE >= 0 AND CURRENT_STOCK >= 0),
            CONSTRAINT INGREDIENT_PK PRIMARY KEY (INGREDIENT_ID)
            );  
/
CREATE SEQUENCE INGREDIENT_ID_SEQ START WITH 1 INCREMENT BY 1;
/
CREATE TRIGGER INGREDIENT_ID_TRIGGER 
BEFORE INSERT on INGREDIENT
FOR EACH ROW
BEGIN
    :NEW.INGREDIENT_ID:= INGREDIENT_ID_SEQ.NEXTVAL;
END;
/      
CREATE TABLE SHIFT_TYPE
            (
            SHIFT_TYPE_ID NUMBER(5) NOT NULL,
            SHIFT_TITLE VARCHAR2(50) NOT NULL,
            DESCRIPTION VARCHAR2(100),
            STARTED_TIME DATE NOT NULL,
            FINISHED_TIME DATE NOT NULL,

            CONSTRAINT SHIFT_TYPE_PK PRIMARY KEY (SHIFT_TYPE_ID),
            CONSTRAINT SHIFT_TYPE_UNIQUE UNIQUE (SHIFT_TITLE)
            );  
/
CREATE SEQUENCE SHIFT_TYPE_ID_SEQ START WITH 1 INCREMENT BY 1;
/
CREATE TRIGGER SHIFT_TYPE_ID_TRIGGER 
BEFORE INSERT on SHIFT_TYPE
FOR EACH ROW
BEGIN
    :NEW.SHIFT_TYPE_ID:= SHIFT_TYPE_ID_SEQ.NEXTVAL;
END;
/

CREATE TABLE RESERVATION
            (
            RESERVATION_ID NUMBER(5) NOT NULL,
            RESERVATION_DATE DATE NOT NULL,
            CUSTOMER_NAME VARCHAR2(50) NOT NULL,
            PHONE_NUMBER NUMBER(14) NOT NULL,
            TABLE_ID NUMBER(5) NOT NULL,
            EMPLOYEE_ID NUMBER(5) NOT NULL,
            TAKING_DATE DATE NOT NULL,

            CONSTRAINT CHK_TABLE CHECK (TABLE_ID >= 0),
            CONSTRAINT RESERVATION_PK PRIMARY KEY (RESERVATION_ID)
            );
/
CREATE SEQUENCE RESERVATION_ID_SEQ START WITH 1 INCREMENT BY 1;
/
CREATE TRIGGER RESERVATION_ID_TRIGGER 
BEFORE INSERT on RESERVATION
FOR EACH ROW
BEGIN
    :NEW.RESERVATION_ID:= RESERVATION_ID_SEQ.NEXTVAL;
END;
/ 
CREATE TABLE INCLUDES
            (
            INGREDIENT_ID NUMBER(5) NOT NULL,
            PRODUCT_ID NUMBER(5) NOT NULL,
            QUANTITY NUMBER(5) NOT NULL,

            CONSTRAINT CHK_QUANTITY CHECK (QUANTITY >= 0),
            CONSTRAINT INCLUDES_PK PRIMARY KEY (INGREDIENT_ID, PRODUCT_ID)
            ); 
/
CREATE TABLE CONTAIN
            (
            PRODUCT_ID NUMBER(5) NOT NULL,
            ORDER_ID NUMBER(5) NOT NULL,
            QUANTITY NUMBER(5) NOT NULL,
            SPECIALIZATION VARCHAR2(100),
            PRICE NUMBER(8,2) NOT NULL,

            CONSTRAINT CHK_PRICE_QUANTITY CHECK (PRICE >= 0 AND QUANTITY >= 0),
            CONSTRAINT CONTAIN_PK PRIMARY KEY (PRODUCT_ID, ORDER_ID)
            ); 
/
CREATE TABLE SERVED_TO
            (
            TABLE_ID NUMBER(5) NOT NULL,
            ORDER_ID NUMBER(5) NOT NULL,

            CONSTRAINT SERVED_TO_PK PRIMARY KEY (TABLE_ID, ORDER_ID)
            );
/
ALTER TABLE RESTAURANT_TABLE
ADD CONSTRAINT RESTAURANT_TABLE_RESTRAURANT_ID_FK FOREIGN KEY (RESTAURANT_ID) REFERENCES RESTAURANT (RESTAURANT_ID);

ALTER TABLE JOB
ADD CONSTRAINT JOB_DEPARTMENT_ID_FK FOREIGN KEY (DEPARTMENT_ID) REFERENCES DEPARTMENT (DEPARTMENT_ID);

ALTER TABLE EMPLOYEE
ADD (
    CONSTRAINT EMPLOYEE_RESTAURANT_ID_FK FOREIGN KEY (RESTAURANT_ID) REFERENCES RESTAURANT (RESTAURANT_ID),
    CONSTRAINT EMPLOYEE_JOB_ID_FK FOREIGN KEY (JOB_ID) REFERENCES JOB (JOB_ID),
    CONSTRAINT EMPLOYEE_SHIFT_TYPE_ID_FK FOREIGN KEY (SHIFT_TYPE_ID) REFERENCES SHIFT_TYPE (SHIFT_TYPE_ID)
    );

ALTER TABLE ORDERED_PRODUCT
ADD (
    CONSTRAINT ORDERED_PRODUCT_EMPLOYEE_ID_FK FOREIGN KEY (EMPLOYEE_ID) REFERENCES EMPLOYEE (EMPLOYEE_ID),
    CONSTRAINT ORDERED_PRODUCT_CUSTOMER_ID_FK FOREIGN KEY (CUSTOMER_ID) REFERENCES ONLINE_CUSTOMER (CUSTOMER_ID)
    );

ALTER TABLE PAYMENT
ADD (
    CONSTRAINT PAYMENT_ORDER_ID_FK FOREIGN KEY (ORDER_ID) REFERENCES ORDERED_PRODUCT (ORDER_ID),
    CONSTRAINT PAYMENT_EMPLOYEE_ID_FK FOREIGN KEY (EMPLOYEE_ID) REFERENCES EMPLOYEE (EMPLOYEE_ID)
    );

ALTER TABLE DELIVERY
ADD (
    CONSTRAINT DELIVERY_ORDER_ID_FK FOREIGN KEY (ORDER_ID) REFERENCES ORDERED_PRODUCT (ORDER_ID),
    CONSTRAINT DELIVERY_EMPLOYEE_ID_FK FOREIGN KEY (EMPLOYEE_ID) REFERENCES EMPLOYEE (EMPLOYEE_ID)
    );

ALTER TABLE INGREDIENT
ADD CONSTRAINT INGREDIENT_SUPPLIER_ID_FK FOREIGN KEY (SUPPLIER_ID) REFERENCES SUPPLIER (SUPPLIER_ID);

ALTER TABLE RESERVATION
ADD (
    CONSTRAINT RESERVATION_EMPLOYEE_ID_FK FOREIGN KEY (EMPLOYEE_ID) REFERENCES EMPLOYEE (EMPLOYEE_ID),
    CONSTRAINT RESERVATION_TABLE_ID_FK FOREIGN KEY (TABLE_ID) REFERENCES RESTAURANT_TABLE (TABLE_ID)
    );

ALTER TABLE INCLUDES
ADD (
    CONSTRAINT INCLUDES_INGREDIENT_ID_FK FOREIGN KEY (INGREDIENT_ID) REFERENCES INGREDIENT (INGREDIENT_ID),
    CONSTRAINT INCLUDES_PRODUCT_ID_FK FOREIGN KEY (PRODUCT_ID) REFERENCES PRODUCT (PRODUCT_ID)
    );

ALTER TABLE CONTAIN
ADD (
    CONSTRAINT CONTAIN_PRODUCT_ID_FK FOREIGN KEY (PRODUCT_ID) REFERENCES PRODUCT (PRODUCT_ID),
    CONSTRAINT CONTAIN_ORDER_ID_FK FOREIGN KEY (ORDER_ID) REFERENCES ORDERED_PRODUCT (ORDER_ID)
    );

ALTER TABLE SERVED_TO
ADD (
    CONSTRAINT SERVED_TO_TABLE_ID_FK FOREIGN KEY (TABLE_ID) REFERENCES RESTAURANT_TABLE (TABLE_ID),
    CONSTRAINT SERVED_TO_ORDER_ID_FK FOREIGN KEY (ORDER_ID) REFERENCES ORDERED_PRODUCT (ORDER_ID)
    );



/* POPULATE TABLES SECTION */

/* RESTAURANTS */
INSERT INTO RESTAURANT (STREET_NUMBER, STREET_NAME, CITY, STATE, PHONE_NUMBER, RESTAURANT_NAME)
VALUES (254, 'Gazi Caddesi', 'Izmir', 'Urla', 05425682075, 'Atabey Kebap Salonu');
INSERT INTO RESTAURANT (STREET_NUMBER, STREET_NAME, CITY, STATE, PHONE_NUMBER, RESTAURANT_NAME)
VALUES (254, 'Gülbahçe Caddesi', 'Izmir', 'Gülbahçe', 05255682075, 'Nazilli Pide');
INSERT INTO RESTAURANT (STREET_NAME, CITY, STATE, PHONE_NUMBER, RESTAURANT_NAME)
VALUES ('Mithatpaşa Caddesi', 'Izmir', 'Fahrettin Altay', 05895682075, 'Gönül Çorba');
INSERT INTO RESTAURANT (STREET_NUMBER, STREET_NAME, CITY, STATE, PHONE_NUMBER, RESTAURANT_NAME)
VALUES (5900,'Örnek Sokak', 'Istanbul', 'Beşiktaş', 05895522075, 'Güverte Steakhouse');
INSERT INTO RESTAURANT (STREET_NUMBER, STREET_NAME, CITY, STATE, PHONE_NUMBER, RESTAURANT_NAME)
VALUES (154,'Boztepe Caddesi', 'Istanbul', 'Kadıköy', 05895522075, 'Leziz Pilavcı');
INSERT INTO RESTAURANT (STREET_NUMBER, STREET_NAME, CITY, STATE, PHONE_NUMBER, RESTAURANT_NAME)
VALUES (888,'Demetevler Sokak', 'Ankara', 'Yeni Mahalle', 05898422075, 'Özçelik Aspava');

/* RESTAURANT TABLES */

INSERT INTO RESTAURANT_TABLE (CAPACITY, STATUS, AREA, RESTAURANT_ID)
VALUES (5, 0, 'Bahçe', 1);
INSERT INTO RESTAURANT_TABLE (CAPACITY, STATUS, AREA, RESTAURANT_ID)
VALUES (4, 1, 'Bahçe', 3);
INSERT INTO RESTAURANT_TABLE (CAPACITY, STATUS, AREA, RESTAURANT_ID)
VALUES (3, 1, 'Bahçe', 3);
INSERT INTO RESTAURANT_TABLE (CAPACITY, STATUS, AREA, RESTAURANT_ID)
VALUES (2, 0, 'Üst Kat', 1);
INSERT INTO RESTAURANT_TABLE (CAPACITY, STATUS, AREA, RESTAURANT_ID)
VALUES (1, 0, 'Bahçe', 2);
INSERT INTO RESTAURANT_TABLE (CAPACITY, STATUS, AREA, RESTAURANT_ID)
VALUES (5, 0, 'Bahçe', 4);
INSERT INTO RESTAURANT_TABLE (CAPACITY, STATUS, AREA, RESTAURANT_ID)
VALUES (4, 1, 'Aile', 6);
INSERT INTO RESTAURANT_TABLE (CAPACITY, STATUS, AREA, RESTAURANT_ID)
VALUES (3, 0, 'Aile', 6);
INSERT INTO RESTAURANT_TABLE (CAPACITY, STATUS, AREA, RESTAURANT_ID)
VALUES (2, 0, 'Aile', 6);
INSERT INTO RESTAURANT_TABLE (CAPACITY, STATUS, AREA, RESTAURANT_ID)
VALUES (1, 0, 'Koridor', 4);
INSERT INTO RESTAURANT_TABLE (CAPACITY, STATUS, AREA, RESTAURANT_ID)
VALUES (5, 1, 'Koridor', 4);
INSERT INTO RESTAURANT_TABLE (CAPACITY, STATUS, AREA, RESTAURANT_ID)
VALUES (4, 0, 'İç', 5);
INSERT INTO RESTAURANT_TABLE (CAPACITY, STATUS, AREA, RESTAURANT_ID)
VALUES (3, 1, 'İç', 5);
INSERT INTO RESTAURANT_TABLE (CAPACITY, STATUS, AREA, RESTAURANT_ID)
VALUES (2, 0, 'Teras', 5);
INSERT INTO RESTAURANT_TABLE (CAPACITY, STATUS, AREA, RESTAURANT_ID)
VALUES (1, 0, 'Teras', 5);
INSERT INTO RESTAURANT_TABLE (CAPACITY, STATUS, AREA, RESTAURANT_ID)
VALUES (5, 1, 'Teras', 5);
INSERT INTO RESTAURANT_TABLE (CAPACITY, STATUS, AREA, RESTAURANT_ID)
VALUES (4, 0, 'Üst Kat', 2);
INSERT INTO RESTAURANT_TABLE (CAPACITY, STATUS, AREA, RESTAURANT_ID)
VALUES (3, 0, 'Giriş', 2);
INSERT INTO RESTAURANT_TABLE (CAPACITY, STATUS, AREA, RESTAURANT_ID)
VALUES (2, 0, 'Giriş', 2);
INSERT INTO RESTAURANT_TABLE (CAPACITY, STATUS, AREA, RESTAURANT_ID)
VALUES (1, 0, 'Giriş', 5);

/* ONLINE CUSTOMER */

INSERT INTO ONLINE_CUSTOMER (STREET_NUMBER, STREET_NAME, APT_NUMBER, CITY, STATE, PHONE_NUMBER, FIRST_NAME, LAST_NAME)
VALUES (56,'Dağ Sokak', 3, 'Ankara', 'Çankaya', 05438682083, 'Can', 'Çiftçi');
INSERT INTO ONLINE_CUSTOMER (STREET_NUMBER, STREET_NAME, APT_NUMBER, CITY, STATE, PHONE_NUMBER, FIRST_NAME, LAST_NAME)
VALUES (86,'Gazi Sokak', 58, 'Ankara', 'Çankaya', 05438382083, 'Cem', 'Çiftçi');
INSERT INTO ONLINE_CUSTOMER (STREET_NUMBER, STREET_NAME, APT_NUMBER, CITY, STATE, PHONE_NUMBER, FIRST_NAME, LAST_NAME)
VALUES (152,'Gül Sokak', 87, 'Ankara', 'Ulus', 05438681083, 'Ahmet', 'Bozkır');
INSERT INTO ONLINE_CUSTOMER (STREET_NUMBER, STREET_NAME, APT_NUMBER, CITY, STATE, PHONE_NUMBER, FIRST_NAME, LAST_NAME)
VALUES (12,'Rızaefendi Sokak', 60, 'Izmir', 'Göztepe', 05338581083, 'Fatma', 'Sarı');
INSERT INTO ONLINE_CUSTOMER (STREET_NUMBER, STREET_NAME, APT_NUMBER, CITY, STATE, PHONE_NUMBER, FIRST_NAME, LAST_NAME)
VALUES (2365,'Rızaefendi Sokak', 60, 'Izmir', 'Göztepe', 05338571083, 'Enes', 'Mor');
INSERT INTO ONLINE_CUSTOMER (STREET_NUMBER, STREET_NAME, APT_NUMBER, CITY, STATE, PHONE_NUMBER, FIRST_NAME, LAST_NAME)
VALUES (48,'Gülbahçe Sokak', 60, 'Izmir', 'Bostanlı', 05338571743, 'Hakan', 'Ağaç');
INSERT INTO ONLINE_CUSTOMER (STREET_NUMBER, STREET_NAME, APT_NUMBER, CITY, STATE, PHONE_NUMBER, FIRST_NAME, LAST_NAME)
VALUES (8865,'Mithatpaşa Sokak', 9, 'Izmir', 'Hatay', 05382571083, 'Engin', 'Şahin');
INSERT INTO ONLINE_CUSTOMER (STREET_NUMBER, STREET_NAME, APT_NUMBER, CITY, STATE, PHONE_NUMBER, FIRST_NAME, LAST_NAME)
VALUES (55,'Kadife Sokak', 22, 'Izmir', 'Karabağlar', 05382571073, 'Ayşe', 'Coşkun');
INSERT INTO ONLINE_CUSTOMER (STREET_NUMBER, STREET_NAME, APT_NUMBER, CITY, STATE, PHONE_NUMBER, FIRST_NAME, LAST_NAME)
VALUES (81,'Baran Sokak', 17, 'Izmir', 'Konak', 05725708323, 'Yusuf', 'Şahin');
INSERT INTO ONLINE_CUSTOMER (STREET_NUMBER, STREET_NAME, APT_NUMBER, CITY, STATE, PHONE_NUMBER, FIRST_NAME, LAST_NAME)
VALUES (10,'Bornova Sokak', 17, 'Izmir', 'Konak', 05725708372, 'Haydar', 'Ağız');
INSERT INTO ONLINE_CUSTOMER (STREET_NUMBER, STREET_NAME, APT_NUMBER, CITY, STATE, PHONE_NUMBER, FIRST_NAME, LAST_NAME)
VALUES (96,'Bornova Sokak', 15, 'Izmir', 'Konak', 05725708322, 'Harun', 'Abi');
INSERT INTO ONLINE_CUSTOMER (STREET_NUMBER, STREET_NAME, APT_NUMBER, CITY, STATE, PHONE_NUMBER, FIRST_NAME, LAST_NAME)
VALUES (968,'Güzel Sokak', 51, 'Izmir', 'Güzelbahçe', 05725708362, 'Jale', 'Yüksel');
INSERT INTO ONLINE_CUSTOMER (STREET_NUMBER, STREET_NAME, APT_NUMBER, CITY, STATE, PHONE_NUMBER, FIRST_NAME, LAST_NAME)
VALUES (66,'Kaptan Sokak', 185, 'Izmir', 'Bayraklı', 05625708322, 'Anıl', 'Arslan');
INSERT INTO ONLINE_CUSTOMER (STREET_NUMBER, STREET_NAME, APT_NUMBER, CITY, STATE, PHONE_NUMBER, FIRST_NAME, LAST_NAME)
VALUES (666,'Atbaba Sokak', 28, 'Izmir', 'Urla', 05724808322, 'Aleyna', 'Güvendikli');
INSERT INTO ONLINE_CUSTOMER (STREET_NUMBER, STREET_NAME, APT_NUMBER, CITY, STATE, PHONE_NUMBER, FIRST_NAME, LAST_NAME)
VALUES (31,'Şahin Sokak', 28, 'Izmir', 'Urla', 05733808322, 'Serkan', 'Şahin');
INSERT INTO ONLINE_CUSTOMER (STREET_NUMBER, STREET_NAME, APT_NUMBER, CITY, STATE, PHONE_NUMBER, FIRST_NAME, LAST_NAME)
VALUES (445,'Bahçeler Sokak', 38, 'Izmir', 'Urla', 05724809922, 'Simge', 'Sırma');
INSERT INTO ONLINE_CUSTOMER (STREET_NUMBER, STREET_NAME, APT_NUMBER, CITY, STATE, PHONE_NUMBER, FIRST_NAME, LAST_NAME)
VALUES (2,'Kemeraltı Sokak', 15, 'Izmir', 'Urla', 05724808321, 'Hazar', 'Gürgün');
INSERT INTO ONLINE_CUSTOMER (STREET_NUMBER, STREET_NAME, APT_NUMBER, CITY, STATE, PHONE_NUMBER, FIRST_NAME, LAST_NAME)
VALUES (97,'Ayva Sokak', 31, 'Izmir', 'Urla', 05711808322, 'Eren', 'Erikçi');
INSERT INTO ONLINE_CUSTOMER (STREET_NUMBER, STREET_NAME, APT_NUMBER, CITY, STATE, PHONE_NUMBER, FIRST_NAME, LAST_NAME)
VALUES (111,'İnci Sokak', 34, 'Izmir', 'Karşıyaka', 05724801112, 'Serkan', 'İnci');
INSERT INTO ONLINE_CUSTOMER (STREET_NUMBER, STREET_NAME, APT_NUMBER, CITY, STATE, PHONE_NUMBER, FIRST_NAME, LAST_NAME)
VALUES (99,'Ekşi Sokak', 78, 'Izmir', 'Urla', 05724888322, 'Serdar', 'Kapanoğlu');

/* DEPARTMENTS */
INSERT INTO DEPARTMENT (DEPARTMENT_NAME)
VALUES ('Mutfak');
INSERT INTO DEPARTMENT (DEPARTMENT_NAME)
VALUES ('Envanter');
INSERT INTO DEPARTMENT (DEPARTMENT_NAME)
VALUES ('Kasa');
INSERT INTO DEPARTMENT (DEPARTMENT_NAME)
VALUES ('Servis');
INSERT INTO DEPARTMENT (DEPARTMENT_NAME)
VALUES ('Temizlik');
INSERT INTO DEPARTMENT (DEPARTMENT_NAME)
VALUES ('Kurye');
INSERT INTO DEPARTMENT (DEPARTMENT_NAME)
VALUES ('Yönetim');
INSERT INTO DEPARTMENT (DEPARTMENT_NAME)
VALUES ('Hukuk');
INSERT INTO DEPARTMENT (DEPARTMENT_NAME)
VALUES ('İnsan Kaynakları');
INSERT INTO DEPARTMENT (DEPARTMENT_NAME)
VALUES ('Lojistik');
/* JOBS */

INSERT INTO JOB (JOB_TITLE, SALARY, DEPARTMENT_ID)
VALUES ('Şef', 10000, 1);
INSERT INTO JOB (JOB_TITLE, SALARY, DEPARTMENT_ID)
VALUES ('Yardımcı Şef', 9000, 1);
INSERT INTO JOB (JOB_TITLE, SALARY, DEPARTMENT_ID)
VALUES ('Pastacı', 8000, 1);
INSERT INTO JOB (JOB_TITLE, SALARY, DEPARTMENT_ID)
VALUES ('Sıcakçı', 8000, 1);
INSERT INTO JOB (JOB_TITLE, SALARY, DEPARTMENT_ID)
VALUES ('Soğukçu', 8000, 1);
INSERT INTO JOB (JOB_TITLE, SALARY, DEPARTMENT_ID)
VALUES ('Envanter Sorumlusu', 9000, 2);
INSERT INTO JOB (JOB_TITLE, SALARY, DEPARTMENT_ID)
VALUES ('Kasiyer', 6000, 3);
INSERT INTO JOB (JOB_TITLE, SALARY, DEPARTMENT_ID)
VALUES ('Muhasebeci', 8000, 3);
INSERT INTO JOB (JOB_TITLE, SALARY, DEPARTMENT_ID)
VALUES ('Komi', 4500, 4);
INSERT INTO JOB (JOB_TITLE, SALARY, DEPARTMENT_ID)
VALUES ('Garson', 5000, 4);
INSERT INTO JOB (JOB_TITLE, SALARY, DEPARTMENT_ID)
VALUES ('Şef Garson', 6000, 4);
INSERT INTO JOB (JOB_TITLE, SALARY, DEPARTMENT_ID)
VALUES ('Temizlik Görevlisi', 4500, 5);
INSERT INTO JOB (JOB_TITLE, SALARY, DEPARTMENT_ID)
VALUES ('Moto Kurye', 7000, 6);
INSERT INTO JOB (JOB_TITLE, SALARY, DEPARTMENT_ID)
VALUES ('Oto Kurye', 6000, 6);
INSERT INTO JOB (JOB_TITLE, SALARY, DEPARTMENT_ID)
VALUES ('Müdür', 12000, 7);
INSERT INTO JOB (JOB_TITLE, SALARY, DEPARTMENT_ID)
VALUES ('Müdür Yardımcısı', 10000, 7);
INSERT INTO JOB (JOB_TITLE, SALARY, DEPARTMENT_ID)
VALUES ('Avukat', 9000, 8);
INSERT INTO JOB (JOB_TITLE, SALARY, DEPARTMENT_ID)
VALUES ('İnsan Kaynakları Sorumlusu', 6000, 9);
INSERT INTO JOB (JOB_TITLE, SALARY, DEPARTMENT_ID)
VALUES ('Lojistik Sorumlusu', 5000, 10);
INSERT INTO JOB (JOB_TITLE, SALARY, DEPARTMENT_ID)
VALUES ('Şoför', 4500, 10);

/* PRODUCT */

INSERT INTO PRODUCT (PRODUCT_TYPE, DESCRIPTION, IN_MENU, PRODUCT_NAME)
VALUES ('Çorba', 'Test Description', 1, 'Mercimek Çorbası');
INSERT INTO PRODUCT (PRODUCT_TYPE, DESCRIPTION, IN_MENU, PRODUCT_NAME)
VALUES ('Çorba', 'Test Description', 1, 'Ezogelin Çorbası');
INSERT INTO PRODUCT (PRODUCT_TYPE, DESCRIPTION, IN_MENU, PRODUCT_NAME)
VALUES ('Çorba', 'Test Description', 0, 'Yayla Çorbası');
INSERT INTO PRODUCT (PRODUCT_TYPE, DESCRIPTION, IN_MENU, PRODUCT_NAME)
VALUES ('Çorba', 'Test Description', 0, 'Kelle Paça Çorbası');
INSERT INTO PRODUCT (PRODUCT_TYPE, DESCRIPTION, IN_MENU, PRODUCT_NAME)
VALUES ('Çorba', 'Test Description', 1, 'İşkembe Çorbası');
INSERT INTO PRODUCT (PRODUCT_TYPE, DESCRIPTION, IN_MENU, PRODUCT_NAME)
VALUES ('Izgaralar', 'Test Description', 1, 'Köfte Izgara');
INSERT INTO PRODUCT (PRODUCT_TYPE, DESCRIPTION, IN_MENU, PRODUCT_NAME)
VALUES ('Izgaralar', 'Test Description', 0, 'Antrikot Izgara');
INSERT INTO PRODUCT (PRODUCT_TYPE, DESCRIPTION, IN_MENU, PRODUCT_NAME)
VALUES ('Izgaralar', 'Test Description', 1, 'Tavuk Izgara');
INSERT INTO PRODUCT (PRODUCT_TYPE, DESCRIPTION, IN_MENU, PRODUCT_NAME)
VALUES ('Izgaralar', 'Test Description', 1, 'Balık Izgara');
INSERT INTO PRODUCT (PRODUCT_TYPE, DESCRIPTION, IN_MENU, PRODUCT_NAME)
VALUES ('Izgaralar', 'Test Description', 1, 'Vegan Izgara');
INSERT INTO PRODUCT (PRODUCT_TYPE, DESCRIPTION, IN_MENU, PRODUCT_NAME)
VALUES ('Tatlılar', 'Test Description', 1, 'Künefe');
INSERT INTO PRODUCT (PRODUCT_TYPE, DESCRIPTION, IN_MENU, PRODUCT_NAME)
VALUES ('Tatlılar', 'Test Description', 1, 'Kadayıf');
INSERT INTO PRODUCT (PRODUCT_TYPE, DESCRIPTION, IN_MENU, PRODUCT_NAME)
VALUES ('Tatlılar', 'Test Description', 1, 'Baklava');
INSERT INTO PRODUCT (PRODUCT_TYPE, DESCRIPTION, IN_MENU, PRODUCT_NAME)
VALUES ('Tatlılar', 'Test Description', 0, 'Sütlaç');
INSERT INTO PRODUCT (PRODUCT_TYPE, DESCRIPTION, IN_MENU, PRODUCT_NAME)
VALUES ('Tatlılar', 'Test Description', 1, 'Güllaç');
INSERT INTO PRODUCT (PRODUCT_TYPE, DESCRIPTION, IN_MENU, PRODUCT_NAME)
VALUES ('Sulu Yemekler', 'Test Description', 1, 'Kuru Fasülye');
INSERT INTO PRODUCT (PRODUCT_TYPE, DESCRIPTION, IN_MENU, PRODUCT_NAME)
VALUES ('Sulu Yemekler', 'Test Description', 1, 'Nohut');
INSERT INTO PRODUCT (PRODUCT_TYPE, DESCRIPTION, IN_MENU, PRODUCT_NAME)
VALUES ('Sulu Yemek', 'Test Description', 1, 'Sulu Köfte');
INSERT INTO PRODUCT (PRODUCT_TYPE, DESCRIPTION, IN_MENU, PRODUCT_NAME)
VALUES ('Sulu Yemek', 'Test Description', 1, 'Ispanak');
INSERT INTO PRODUCT (PRODUCT_TYPE, DESCRIPTION, IN_MENU, PRODUCT_NAME)
VALUES ('Sulu Yemek', 'Test Description', 0, 'Zeytağlı Enginar');

/* SUPPLIERS */

INSERT INTO SUPPLIER (SUPPLIER_NAME, SUPPLIER_PHONE, STREET_NUMBER, STREET_NAME, APT_NUMBER, CITY, STATE, CATEGORY)
VALUES ('Coca Cola', 05438682575, 15, 'Gazi', 5, 'Izmir', 'Ege', 'İçecek');
INSERT INTO SUPPLIER (SUPPLIER_NAME, SUPPLIER_PHONE, STREET_NUMBER, STREET_NAME, APT_NUMBER, CITY, STATE, CATEGORY)
VALUES ('Kurtuluş Kasap', 05438682576, 15, 'Kışla', 5, 'Izmir', 'Ege', 'Şarküteri');
INSERT INTO SUPPLIER (SUPPLIER_NAME, SUPPLIER_PHONE, STREET_NUMBER, STREET_NAME, APT_NUMBER, CITY, STATE, CATEGORY)
VALUES ('Babacan Unlu Mamülleri', 05438682577, 15, 'Lozan', 5, 'Izmir', 'Ege', 'Fırın');
INSERT INTO SUPPLIER (SUPPLIER_NAME, SUPPLIER_PHONE, STREET_NUMBER, STREET_NAME, APT_NUMBER, CITY, STATE, CATEGORY)
VALUES ('Şerif Manav', 05438682578, 15, 'Sakarya', 5, 'Izmir', 'Ege', 'Sebze');
INSERT INTO SUPPLIER (SUPPLIER_NAME, SUPPLIER_PHONE, STREET_NUMBER, STREET_NAME, APT_NUMBER, CITY, STATE, CATEGORY)
VALUES ('Eker Ayran', 05438682579, 15, 'Mondros', 5, 'Izmir', 'Ege', 'İçecek');
INSERT INTO SUPPLIER (SUPPLIER_NAME, SUPPLIER_PHONE, STREET_NUMBER, STREET_NAME, APT_NUMBER, CITY, STATE, CATEGORY)
VALUES ('Bağcılar Un', 05438682515, 15, 'Lale', 5, 'Izmir', 'Ege', 'Fırın');
INSERT INTO SUPPLIER (SUPPLIER_NAME, SUPPLIER_PHONE, STREET_NUMBER, STREET_NAME, APT_NUMBER, CITY, STATE, CATEGORY)
VALUES ('A101', 05438682525, 15, 'Gül', 5, 'Izmir', 'Ege', 'Market');
INSERT INTO SUPPLIER (SUPPLIER_NAME, SUPPLIER_PHONE, STREET_NUMBER, STREET_NAME, APT_NUMBER, CITY, STATE, CATEGORY)
VALUES ('Bim', 05438682535, 15, 'Çiçek', 5, 'Izmir', 'Ege', 'Market');
INSERT INTO SUPPLIER (SUPPLIER_NAME, SUPPLIER_PHONE, STREET_NUMBER, STREET_NAME, APT_NUMBER, CITY, STATE, CATEGORY)
VALUES ('Güllüoğulları Tatlıcılık', 05438682545, 15, 'Fidan', 5, 'Izmir', 'Ege', 'Tatlı');
INSERT INTO SUPPLIER (SUPPLIER_NAME, SUPPLIER_PHONE, STREET_NUMBER, STREET_NAME, APT_NUMBER, CITY, STATE, CATEGORY)
VALUES ('Mado Dondurma', 05438682555, 15, 'TOhum', 5, 'Izmir', 'Ege', 'Tatlı');
INSERT INTO SUPPLIER (SUPPLIER_NAME, SUPPLIER_PHONE, STREET_NUMBER, STREET_NAME, APT_NUMBER, CITY, STATE, CATEGORY)
VALUES ('Cenk Şarküteri', 05438682565, 15, 'Yeşil', 5, 'Izmir', 'Ege', 'Şarküteri');
INSERT INTO SUPPLIER (SUPPLIER_NAME, SUPPLIER_PHONE, STREET_NUMBER, STREET_NAME, APT_NUMBER, CITY, STATE, CATEGORY)
VALUES ('Tuğba Kuruyemiş', 05438682585, 15, 'Mor', 5, 'Izmir', 'Ege', 'Kuruyemiş');
INSERT INTO SUPPLIER (SUPPLIER_NAME, SUPPLIER_PHONE, STREET_NUMBER, STREET_NAME, APT_NUMBER, CITY, STATE, CATEGORY)
VALUES ('Akın Temizlik Malzemeleri', 05438682595, 15, 'Ahşap', 5, 'Izmir', 'Ege', 'Temizlik');
INSERT INTO SUPPLIER (SUPPLIER_NAME, SUPPLIER_PHONE, STREET_NUMBER, STREET_NAME, APT_NUMBER, CITY, STATE, CATEGORY)
VALUES ('Şenol Ambalaj', 05438682505, 15, 'Ladin', 5, 'Izmir', 'Ege', 'Ambalaj');
INSERT INTO SUPPLIER (SUPPLIER_NAME, SUPPLIER_PHONE, STREET_NUMBER, STREET_NAME, APT_NUMBER, CITY, STATE, CATEGORY)
VALUES ('Zirve Matbaası', 05438682675, 15, 'Menekşe', 5, 'Izmir', 'Ege', 'Matbaa');
INSERT INTO SUPPLIER (SUPPLIER_NAME, SUPPLIER_PHONE, STREET_NUMBER, STREET_NAME, APT_NUMBER, CITY, STATE, CATEGORY)
VALUES ('Yükselen Kasap', 05438682775, 15, 'Çam', 5, 'Izmir', 'Ege', 'Şarküteri');
INSERT INTO SUPPLIER (SUPPLIER_NAME, SUPPLIER_PHONE, STREET_NUMBER, STREET_NAME, APT_NUMBER, CITY, STATE, CATEGORY)
VALUES ('Komili Yağları', 05438682875, 15, 'Kavak', 5, 'Izmir', 'Ege', 'Yağ');
INSERT INTO SUPPLIER (SUPPLIER_NAME, SUPPLIER_PHONE, STREET_NUMBER, STREET_NAME, APT_NUMBER, CITY, STATE, CATEGORY)
VALUES ('Metro', 05438682975, 15, 'Bodur', 5, 'Izmir', 'Ege', 'Market');
INSERT INTO SUPPLIER (SUPPLIER_NAME, SUPPLIER_PHONE, STREET_NUMBER, STREET_NAME, APT_NUMBER, CITY, STATE, CATEGORY)
VALUES ('Esen Manav', 05430682575, 15, 'Erciyes', 5, 'Izmir', 'Ege', 'Sebze');
INSERT INTO SUPPLIER (SUPPLIER_NAME, SUPPLIER_PHONE, STREET_NUMBER, STREET_NAME, APT_NUMBER, CITY, STATE, CATEGORY)
VALUES ('Çobanoğulları Yoğurtçuluk', 05433682575, 15, 'Kıbrıs', 5, 'Izmir', 'Ege', 'Süt Ürünleri');

/* INGREDIENTS */

INSERT INTO INGREDIENT (CATEGORY, FOOD_NAME, CURRENT_STOCK, INGREDIENT_PRICE, SUPPLIER_ID, PROVIDE_DATE)
VALUES ('Sebze', 'Domates', 100, 5, 19, SYSDATE);
INSERT INTO INGREDIENT (CATEGORY, FOOD_NAME, CURRENT_STOCK, INGREDIENT_PRICE, SUPPLIER_ID, PROVIDE_DATE)
VALUES ('Sebze', 'Biber', 50, 4, 4, SYSDATE);
INSERT INTO INGREDIENT (CATEGORY, FOOD_NAME, CURRENT_STOCK, INGREDIENT_PRICE, SUPPLIER_ID, PROVIDE_DATE)
VALUES ('Sebze', 'Patates', 20, 6, 19, SYSDATE);
INSERT INTO INGREDIENT (CATEGORY, FOOD_NAME, CURRENT_STOCK, INGREDIENT_PRICE, SUPPLIER_ID, PROVIDE_DATE)
VALUES ('Sebze', 'Patlıcan', 35, 3, 4, SYSDATE);
INSERT INTO INGREDIENT (CATEGORY, FOOD_NAME, CURRENT_STOCK, INGREDIENT_PRICE, SUPPLIER_ID, PROVIDE_DATE)
VALUES ('Sebze', 'Limon', 40, 5, 19, SYSDATE);
INSERT INTO INGREDIENT (CATEGORY, FOOD_NAME, CURRENT_STOCK, INGREDIENT_PRICE, SUPPLIER_ID, PROVIDE_DATE)
VALUES ('Sebze', 'Marul', 60, 5, 4, SYSDATE);
INSERT INTO INGREDIENT (CATEGORY, FOOD_NAME, CURRENT_STOCK, INGREDIENT_PRICE, SUPPLIER_ID, PROVIDE_DATE)
VALUES ('Sebze', 'Salatalık', 75, 5, 19, SYSDATE);
INSERT INTO INGREDIENT (CATEGORY, FOOD_NAME, CURRENT_STOCK, INGREDIENT_PRICE, SUPPLIER_ID, PROVIDE_DATE)
VALUES ('Sebze', 'Soğan', 45, 5, 4, SYSDATE);
INSERT INTO INGREDIENT (CATEGORY, FOOD_NAME, CURRENT_STOCK, INGREDIENT_PRICE, SUPPLIER_ID, PROVIDE_DATE)
VALUES ('Et', 'Kıyma', 18, 35, 16, SYSDATE);
INSERT INTO INGREDIENT (CATEGORY, FOOD_NAME, CURRENT_STOCK, INGREDIENT_PRICE, SUPPLIER_ID, PROVIDE_DATE)
VALUES ('Et', 'Kuşbaşı', 15, 40, 2, SYSDATE);
INSERT INTO INGREDIENT (CATEGORY, FOOD_NAME, CURRENT_STOCK, INGREDIENT_PRICE, SUPPLIER_ID, PROVIDE_DATE)
VALUES ('Et', 'Tavuk', 10, 30, 11, SYSDATE);
INSERT INTO INGREDIENT (CATEGORY, FOOD_NAME, CURRENT_STOCK, INGREDIENT_PRICE, SUPPLIER_ID, PROVIDE_DATE)
VALUES ('İçecek', 'Kola', 20, 15, 1, SYSDATE);
INSERT INTO INGREDIENT (CATEGORY, FOOD_NAME, CURRENT_STOCK, INGREDIENT_PRICE, SUPPLIER_ID, PROVIDE_DATE)
VALUES ('İçecek', 'Ayran', 10, 10, 5, SYSDATE);
INSERT INTO INGREDIENT (CATEGORY, FOOD_NAME, CURRENT_STOCK, INGREDIENT_PRICE, SUPPLIER_ID, PROVIDE_DATE)
VALUES ('İçecek', 'Ice Tea', 30, 13, 1, SYSDATE);
INSERT INTO INGREDIENT (CATEGORY, FOOD_NAME, CURRENT_STOCK, INGREDIENT_PRICE, SUPPLIER_ID, PROVIDE_DATE)
VALUES ('İçecek', 'Su', 50, 4, 5, SYSDATE);
INSERT INTO INGREDIENT (CATEGORY, FOOD_NAME, CURRENT_STOCK, INGREDIENT_PRICE, SUPPLIER_ID, PROVIDE_DATE)
VALUES ('Tahıl', 'Bulgur', 50, 4, 7, SYSDATE);
INSERT INTO INGREDIENT (CATEGORY, FOOD_NAME, CURRENT_STOCK, INGREDIENT_PRICE, SUPPLIER_ID, PROVIDE_DATE)
VALUES ('Tahıl', 'Nohut', 60, 5, 8, SYSDATE);
INSERT INTO INGREDIENT (CATEGORY, FOOD_NAME, CURRENT_STOCK, INGREDIENT_PRICE, SUPPLIER_ID, PROVIDE_DATE)
VALUES ('Tahıl', 'Fasulye', 40, 3, 18, SYSDATE);
INSERT INTO INGREDIENT (CATEGORY, FOOD_NAME, CURRENT_STOCK, INGREDIENT_PRICE, SUPPLIER_ID, PROVIDE_DATE)
VALUES ('Tahıl', 'Pirinç', 30, 6, 7, SYSDATE);
INSERT INTO INGREDIENT (CATEGORY, FOOD_NAME, CURRENT_STOCK, INGREDIENT_PRICE, SUPPLIER_ID, PROVIDE_DATE)
VALUES ('Tahıl', 'Mercimek', 50, 4, 8, SYSDATE);


/* SHIFT TYPES */

INSERT INTO SHIFT_TYPE (SHIFT_TITLE, DESCRIPTION, STARTED_TIME, FINISHED_TIME)
VALUES ('Sabahçı', 'Shift Description', '01-01-9999 10:00:00', '01-01-9999 18:00:00');
INSERT INTO SHIFT_TYPE (SHIFT_TITLE, DESCRIPTION, STARTED_TIME, FINISHED_TIME)
VALUES ('Akşamcı', 'Shift Description', '01-01-9999 16:00:00', '01-01-9999 00:00:00');
INSERT INTO SHIFT_TYPE (SHIFT_TITLE, DESCRIPTION, STARTED_TIME, FINISHED_TIME)
VALUES ('Öğlenci', 'Shift Description', '01-01-9999 13:00:00', '01-01-9999 21:00:00');

/* EMPLOYEES */

INSERT INTO EMPLOYEE (FIRST_NAME, LAST_NAME, PHONE_NUMBER, BIRTH_DATE, STREET_NUMBER, STREET_NAME, APT_NUMBER, CITY, STATE, GENDER, BONUS, RESTAURANT_ID, JOB_ID, HIRE_DATE, SHIFT_TYPE_ID)
VALUES ('Ahmet', 'Şahin', 05438682087, '15-01-1975', 20, 'Kartal', 50, 'Izmir', 'Ege', 'Erkek', 0, 1, 1, '01-01-2021', 1);
INSERT INTO EMPLOYEE (FIRST_NAME, LAST_NAME, PHONE_NUMBER, BIRTH_DATE, STREET_NUMBER, STREET_NAME, APT_NUMBER, CITY, STATE, GENDER, BONUS, RESTAURANT_ID, JOB_ID, HIRE_DATE, SHIFT_TYPE_ID)
VALUES ('Mehmet', 'Şahin', 05438682086, '14-02-1978', 21, 'Şahin', 51, 'Izmir', 'Ege', 'Erkek', 100, 1, 2, '01-01-2020', 2);
INSERT INTO EMPLOYEE (FIRST_NAME, LAST_NAME, PHONE_NUMBER, BIRTH_DATE, STREET_NUMBER, STREET_NAME, APT_NUMBER, CITY, STATE, GENDER, BONUS, RESTAURANT_ID, JOB_ID, HIRE_DATE, SHIFT_TYPE_ID)
VALUES ('Hasan', 'Şahin', 05438682085, '13-03-1981', 22, 'Doğan', 52, 'Izmir', 'Ege', 'Erkek', 0, 1, 3, '01-01-2019', 3);
INSERT INTO EMPLOYEE (FIRST_NAME, LAST_NAME, PHONE_NUMBER, BIRTH_DATE, STREET_NUMBER, STREET_NAME, APT_NUMBER, CITY, STATE, GENDER, BONUS, RESTAURANT_ID, JOB_ID, HIRE_DATE, SHIFT_TYPE_ID)
VALUES ('Hüseyin', 'Şahin', 05438682084, '12-04-1984', 23, 'Serçe', 53, 'Izmir', 'Ege', 'Erkek', 150, 1, 4, '01-01-2018', 1);
INSERT INTO EMPLOYEE (FIRST_NAME, LAST_NAME, PHONE_NUMBER, BIRTH_DATE, STREET_NUMBER, STREET_NAME, APT_NUMBER, CITY, STATE, GENDER, BONUS, RESTAURANT_ID, JOB_ID, HIRE_DATE, SHIFT_TYPE_ID)
VALUES ('Erol', 'Şahin', 05438682083, '11-05-1987', 24, 'Atmaca', 54, 'Izmir', 'Ege', 'Erkek', 500, 1, 5, '01-01-2017', 2);
INSERT INTO EMPLOYEE (FIRST_NAME, LAST_NAME, PHONE_NUMBER, BIRTH_DATE, STREET_NUMBER, STREET_NAME, APT_NUMBER, CITY, STATE, GENDER, BONUS, RESTAURANT_ID, JOB_ID, HIRE_DATE, SHIFT_TYPE_ID)
VALUES ('İbrahim', 'Şahin', 05438682082, '10-06-1990', 25, 'Lale', 55, 'Izmir', 'Ege', 'Erkek', 250, 1, 6, '01-01-2017', 3);
INSERT INTO EMPLOYEE (FIRST_NAME, LAST_NAME, PHONE_NUMBER, BIRTH_DATE, STREET_NUMBER, STREET_NAME, APT_NUMBER, CITY, STATE, GENDER, BONUS, RESTAURANT_ID, JOB_ID, HIRE_DATE, SHIFT_TYPE_ID)
VALUES ('Yusuf', 'Şahin', 05438682081, '09-07-1993', 26, 'Menekşe', 56, 'Izmir', 'Ege', 'Erkek', 0, 1, 7, '01-01-2016', 1);
INSERT INTO EMPLOYEE (FIRST_NAME, LAST_NAME, PHONE_NUMBER, BIRTH_DATE, STREET_NUMBER, STREET_NAME, APT_NUMBER, CITY, STATE, GENDER, BONUS, RESTAURANT_ID, JOB_ID, HIRE_DATE, SHIFT_TYPE_ID)
VALUES ('Davud', 'Şahin', 05438682080, '08-08-1996', 27, 'Gül', 57, 'Izmir', 'Ege', 'Erkek', 0, 1, 8, '01-01-2020', 2);
INSERT INTO EMPLOYEE (FIRST_NAME, LAST_NAME, PHONE_NUMBER, BIRTH_DATE, STREET_NUMBER, STREET_NAME, APT_NUMBER, CITY, STATE, GENDER, BONUS, RESTAURANT_ID, JOB_ID, HIRE_DATE, SHIFT_TYPE_ID)
VALUES ('İsmail', 'Şahin', 05438682077, '07-09-1998', 28, 'Papatya', 58, 'Izmir', 'Ege', 'Erkek', 175, 1, 9, '01-01-2018', 3);
INSERT INTO EMPLOYEE (FIRST_NAME, LAST_NAME, PHONE_NUMBER, BIRTH_DATE, STREET_NUMBER, STREET_NAME, APT_NUMBER, CITY, STATE, GENDER, BONUS, RESTAURANT_ID, JOB_ID, HIRE_DATE, SHIFT_TYPE_ID)
VALUES ('Kamil', 'Şahin', 05438682067, '06-10-2000', 29, 'Ihlamur', 59, 'Izmir', 'Ege', 'Erkek', 0, 1, 10, '01-01-2019', 1);
INSERT INTO EMPLOYEE (FIRST_NAME, LAST_NAME, PHONE_NUMBER, BIRTH_DATE, STREET_NUMBER, STREET_NAME, APT_NUMBER, CITY, STATE, GENDER, BONUS, RESTAURANT_ID, JOB_ID, HIRE_DATE, SHIFT_TYPE_ID)
VALUES ('Simge', 'Meriç', 05438682057, '05-11-1995', 30, 'Gazi', 60, 'Izmir', 'Ege', 'Kadın', 0, 1, 11, '01-01-2016', 2);
INSERT INTO EMPLOYEE (FIRST_NAME, LAST_NAME, PHONE_NUMBER, BIRTH_DATE, STREET_NUMBER, STREET_NAME, APT_NUMBER, CITY, STATE, GENDER, BONUS, RESTAURANT_ID, JOB_ID, HIRE_DATE, SHIFT_TYPE_ID)
VALUES ('Simay', 'Sırma', 05438682047, '04-12-1990', 31, 'Rızaefendi', 61, 'Izmir', 'Ege', 'Kadın', 0, 1, 12, '01-01-2015', 3);
INSERT INTO EMPLOYEE (FIRST_NAME, LAST_NAME, PHONE_NUMBER, BIRTH_DATE, STREET_NUMBER, STREET_NAME, APT_NUMBER, CITY, STATE, GENDER, BONUS, RESTAURANT_ID, JOB_ID, HIRE_DATE, SHIFT_TYPE_ID)
VALUES ('Almira', 'Alsan', 05438682037, '16-01-1985', 32, 'Atbaba', 62, 'Izmir', 'Ege', 'Kadın', 50, 1, 13, '01-01-2010', 1);
INSERT INTO EMPLOYEE (FIRST_NAME, LAST_NAME, PHONE_NUMBER, BIRTH_DATE, STREET_NUMBER, STREET_NAME, APT_NUMBER, CITY, STATE, GENDER, BONUS, RESTAURANT_ID, JOB_ID, HIRE_DATE, SHIFT_TYPE_ID)
VALUES ('irem', 'Sinek', 05438682027, '17-02-1980', 33, 'Bağlar', 63, 'Izmir', 'Ege', 'Kadın', 0, 1, 14, '01-01-2020', 2);
INSERT INTO EMPLOYEE (FIRST_NAME, LAST_NAME, PHONE_NUMBER, BIRTH_DATE, STREET_NUMBER, STREET_NAME, APT_NUMBER, CITY, STATE, GENDER, BONUS, RESTAURANT_ID, JOB_ID, HIRE_DATE, SHIFT_TYPE_ID)
VALUES ('Selin', 'Şahin', 05438682017, '18-03-1975', 34, 'Ayva', 64, 'Izmir', 'Ege', 'Kadın', 0, 1, 15, '01-01-2021', 3);
INSERT INTO EMPLOYEE (FIRST_NAME, LAST_NAME, PHONE_NUMBER, BIRTH_DATE, STREET_NUMBER, STREET_NAME, APT_NUMBER, CITY, STATE, GENDER, BONUS, RESTAURANT_ID, JOB_ID, HIRE_DATE, SHIFT_TYPE_ID)
VALUES ('Buse', 'Turgutlu', 05438682007, '19-04-1975', 35, 'Portakal', 65, 'Istanbul', 'Marmara', 'Kadın', 0, 5, 16, '01-01-2018', 1);
INSERT INTO EMPLOYEE (FIRST_NAME, LAST_NAME, PHONE_NUMBER, BIRTH_DATE, STREET_NUMBER, STREET_NAME, APT_NUMBER, CITY, STATE, GENDER, BONUS, RESTAURANT_ID, JOB_ID, HIRE_DATE, SHIFT_TYPE_ID)
VALUES ('Zehra', 'Güldüren', 05468682087, '20-05-1979', 36, 'Elma', 66, 'Ankara', 'İç Anadolu', 'Kadın', 0, 6, 17, '01-01-2019', 2);
INSERT INTO EMPLOYEE (FIRST_NAME, LAST_NAME, PHONE_NUMBER, BIRTH_DATE, STREET_NUMBER, STREET_NAME, APT_NUMBER, CITY, STATE, GENDER, BONUS, RESTAURANT_ID, JOB_ID, HIRE_DATE, SHIFT_TYPE_ID)
VALUES ('Belinay', 'Yandı', 05438682187, '21-06-1983', 37, 'Çay', 67, 'Istanbul', 'Marmara', 'Kadın', 0, 4, 18, '01-01-2017', 3);
INSERT INTO EMPLOYEE (FIRST_NAME, LAST_NAME, PHONE_NUMBER, BIRTH_DATE, STREET_NUMBER, STREET_NAME, APT_NUMBER, CITY, STATE, GENDER, BONUS, RESTAURANT_ID, JOB_ID, HIRE_DATE, SHIFT_TYPE_ID)
VALUES ('Berfin', 'Sıdal', 05438682287, '22-07-1987', 38, 'Kaya', 68, 'Istanbul', 'Marmara', 'Kadın', 0, 5, 19, '01-01-2016', 1);
INSERT INTO EMPLOYEE (FIRST_NAME, LAST_NAME, PHONE_NUMBER, BIRTH_DATE, STREET_NUMBER, STREET_NAME, APT_NUMBER, CITY, STATE, GENDER, BONUS, RESTAURANT_ID, JOB_ID, HIRE_DATE, SHIFT_TYPE_ID)
VALUES ('Cansel', 'Er', 05438682387, '29-08-1991', 39, 'Aydınlık', 69, 'Ankara', 'İç Anadolu', 'Kadın', 0, 6, 20, '01-01-2015', 2);

/* ORDERED PRODUCT */

INSERT INTO ORDERED_PRODUCT (PRICE, SERVE_STATUS, ORDER_TYPE, EMPLOYEE_ID, CUSTOMER_ID, ORDER_DATE)
VALUES (10.75, 'PREPARING', 'ONLINE', 7, 1, '07-12-2021 10:34:00');
INSERT INTO ORDERED_PRODUCT (PRICE, SERVE_STATUS, ORDER_TYPE, EMPLOYEE_ID, CUSTOMER_ID, ORDER_DATE)
VALUES (55.50, 'READY', 'ONLINE', 7, 2, '07-12-2021 10:22:00');
INSERT INTO ORDERED_PRODUCT (PRICE, SERVE_STATUS, ORDER_TYPE, EMPLOYEE_ID, CUSTOMER_ID, ORDER_DATE)
VALUES (32.25, 'DELIVERED', 'ONLINE', 7, 3, '07-12-2021 11:54:00');
INSERT INTO ORDERED_PRODUCT (PRICE, SERVE_STATUS, ORDER_TYPE, EMPLOYEE_ID, CUSTOMER_ID, ORDER_DATE)
VALUES (20.45, 'PREPARING', 'ONLINE', 7, 4, '07-12-2021 15:02:00');
INSERT INTO ORDERED_PRODUCT (PRICE, SERVE_STATUS, ORDER_TYPE, EMPLOYEE_ID, CUSTOMER_ID, ORDER_DATE)
VALUES (36.00, 'READY', 'ONLINE', 7, 5, '01-12-2021 14:42:00');
INSERT INTO ORDERED_PRODUCT (PRICE, SERVE_STATUS, ORDER_TYPE, EMPLOYEE_ID, CUSTOMER_ID, ORDER_DATE)
VALUES (43.35, 'DELIVERED', 'ONLINE', 7, 6, '02-12-2021 21:15:00');
INSERT INTO ORDERED_PRODUCT (PRICE, SERVE_STATUS, ORDER_TYPE, EMPLOYEE_ID, CUSTOMER_ID, ORDER_DATE)
VALUES (17.50, 'READY', 'ONLINE', 7, 7, '03-12-2021 21:22:00');
INSERT INTO ORDERED_PRODUCT (PRICE, SERVE_STATUS, ORDER_TYPE, EMPLOYEE_ID, CUSTOMER_ID, ORDER_DATE)
VALUES (45.55, 'PREPARING', 'ONLINE', 7, 8, '03-12-2021 16:32:00');
INSERT INTO ORDERED_PRODUCT (PRICE, SERVE_STATUS, ORDER_TYPE, EMPLOYEE_ID, CUSTOMER_ID, ORDER_DATE)
VALUES (117.00, 'READY', 'ONLINE', 7, 9, '05-12-2021 17:23:00');
INSERT INTO ORDERED_PRODUCT (PRICE, SERVE_STATUS, ORDER_TYPE, EMPLOYEE_ID, CUSTOMER_ID, ORDER_DATE)
VALUES (96.75, 'DELIVERED', 'ONLINE', 7, 10, '04-12-2021 17:55:00');
INSERT INTO ORDERED_PRODUCT (PRICE, SERVE_STATUS, ORDER_TYPE, EMPLOYEE_ID, CUSTOMER_ID, ORDER_DATE)
VALUES (10.50, 'PREPARING', 'DINE-IN', 10, 11, '07-12-2021 22:17:00');
INSERT INTO ORDERED_PRODUCT (PRICE, SERVE_STATUS, ORDER_TYPE, EMPLOYEE_ID, CUSTOMER_ID, ORDER_DATE)
VALUES (15.50, 'READY', 'DINE-IN', 11, 12, '07-12-2021 21:43:00');
INSERT INTO ORDERED_PRODUCT (PRICE, SERVE_STATUS, ORDER_TYPE, EMPLOYEE_ID, CUSTOMER_ID, ORDER_DATE)
VALUES (20.50, 'SERVED', 'DINE-IN', 10, 13, '07-12-2021 20:34:00');
INSERT INTO ORDERED_PRODUCT (PRICE, SERVE_STATUS, ORDER_TYPE, EMPLOYEE_ID, CUSTOMER_ID, ORDER_DATE)
VALUES (37.50, 'PREPARING', 'DINE-IN', 11, 14, '06-12-2021 19:22:00');
INSERT INTO ORDERED_PRODUCT (PRICE, SERVE_STATUS, ORDER_TYPE, EMPLOYEE_ID, CUSTOMER_ID, ORDER_DATE)
VALUES (186.50, 'READY', 'DINE-IN', 10, 15, '06-12-2021 19:56:00');
INSERT INTO ORDERED_PRODUCT (PRICE, SERVE_STATUS, ORDER_TYPE, EMPLOYEE_ID, CUSTOMER_ID, ORDER_DATE)
VALUES (45.50, 'SERVED', 'DINE-IN', 11, 16, '08-12-2021 19:00:00');
INSERT INTO ORDERED_PRODUCT (PRICE, SERVE_STATUS, ORDER_TYPE, EMPLOYEE_ID, CUSTOMER_ID, ORDER_DATE)
VALUES (16.50, 'PREPARING', 'DINE-IN', 10, 17, '08-12-2021 18:34:00');
INSERT INTO ORDERED_PRODUCT (PRICE, SERVE_STATUS, ORDER_TYPE, EMPLOYEE_ID, CUSTOMER_ID, ORDER_DATE)
VALUES (21.50, 'READY', 'DINE-IN', 11, 18, '07-12-2021 17:41:00');
INSERT INTO ORDERED_PRODUCT (PRICE, SERVE_STATUS, ORDER_TYPE, EMPLOYEE_ID, CUSTOMER_ID, ORDER_DATE)
VALUES (95.50, 'SERVED', 'DINE-IN', 10, 19, '06-12-2021 22:17:00');
INSERT INTO ORDERED_PRODUCT (PRICE, SERVE_STATUS, ORDER_TYPE, EMPLOYEE_ID, CUSTOMER_ID, ORDER_DATE)
VALUES (59.50, 'PREPARING', 'DINE-IN', 11, 20, '09-12-2021 10:13:00');

/* RESERVATIONS */

INSERT INTO RESERVATION (RESERVATION_DATE, CUSTOMER_NAME, PHONE_NUMBER, TABLE_ID, EMPLOYEE_ID, TAKING_DATE)
VALUES ('09-12-2021 10:00:00', 'Ahmet Şahin', 05438682043, 1, 7, SYSDATE);
INSERT INTO RESERVATION (RESERVATION_DATE, CUSTOMER_NAME, PHONE_NUMBER, TABLE_ID, EMPLOYEE_ID, TAKING_DATE)
VALUES ('10-12-2021 10:13:00', 'Ahmet Şahin', 05448682043, 1, 7, SYSDATE);
INSERT INTO RESERVATION (RESERVATION_DATE, CUSTOMER_NAME, PHONE_NUMBER, TABLE_ID, EMPLOYEE_ID, TAKING_DATE)
VALUES ('11-12-2021 11:13:00', 'Ahmet Şahin', 05458682043, 1, 7, SYSDATE);
INSERT INTO RESERVATION (RESERVATION_DATE, CUSTOMER_NAME, PHONE_NUMBER, TABLE_ID, EMPLOYEE_ID, TAKING_DATE)
VALUES ('12-12-2021 12:13:00', 'Ahmet Şahin', 05468682043, 1, 7, SYSDATE);
INSERT INTO RESERVATION (RESERVATION_DATE, CUSTOMER_NAME, PHONE_NUMBER, TABLE_ID, EMPLOYEE_ID, TAKING_DATE)
VALUES ('13-12-2021 13:13:00', 'Ahmet Şahin', 05478682043, 1, 7, SYSDATE);
INSERT INTO RESERVATION (RESERVATION_DATE, CUSTOMER_NAME, PHONE_NUMBER, TABLE_ID, EMPLOYEE_ID, TAKING_DATE)
VALUES ('14-12-2021 14:13:00', 'Ahmet Şahin', 05488682043, 2, 7, SYSDATE);
INSERT INTO RESERVATION (RESERVATION_DATE, CUSTOMER_NAME, PHONE_NUMBER, TABLE_ID, EMPLOYEE_ID, TAKING_DATE)
VALUES ('15-12-2021 15:13:00', 'Ahmet Şahin', 05498682043, 3, 7, SYSDATE);
INSERT INTO RESERVATION (RESERVATION_DATE, CUSTOMER_NAME, PHONE_NUMBER, TABLE_ID, EMPLOYEE_ID, TAKING_DATE)
VALUES ('16-12-2021 16:13:00', 'Ahmet Şahin', 05438682044, 2, 7, SYSDATE);
INSERT INTO RESERVATION (RESERVATION_DATE, CUSTOMER_NAME, PHONE_NUMBER, TABLE_ID, EMPLOYEE_ID, TAKING_DATE)
VALUES ('17-12-2021 17:13:00', 'Ahmet Şahin', 05438682045, 3, 7, SYSDATE);
INSERT INTO RESERVATION (RESERVATION_DATE, CUSTOMER_NAME, PHONE_NUMBER, TABLE_ID, EMPLOYEE_ID, TAKING_DATE)
VALUES ('18-12-2021 18:13:00', 'Ahmet Şahin', 05438682046, 2, 7, SYSDATE);
INSERT INTO RESERVATION (RESERVATION_DATE, CUSTOMER_NAME, PHONE_NUMBER, TABLE_ID, EMPLOYEE_ID, TAKING_DATE)
VALUES ('19-12-2021 19:13:00', 'Ahmet Şahin', 05438682047, 4, 7, SYSDATE);
INSERT INTO RESERVATION (RESERVATION_DATE, CUSTOMER_NAME, PHONE_NUMBER, TABLE_ID, EMPLOYEE_ID, TAKING_DATE)
VALUES ('20-12-2021 20:13:00', 'Ahmet Şahin', 05438682048, 5, 7, SYSDATE);
INSERT INTO RESERVATION (RESERVATION_DATE, CUSTOMER_NAME, PHONE_NUMBER, TABLE_ID, EMPLOYEE_ID, TAKING_DATE)
VALUES ('21-12-2021 21:13:00', 'Ahmet Şahin', 05438682049, 6, 7, SYSDATE);
INSERT INTO RESERVATION (RESERVATION_DATE, CUSTOMER_NAME, PHONE_NUMBER, TABLE_ID, EMPLOYEE_ID, TAKING_DATE)
VALUES ('22-12-2021 22:13:00', 'Ahmet Şahin', 05438682040, 4, 7, SYSDATE);
INSERT INTO RESERVATION (RESERVATION_DATE, CUSTOMER_NAME, PHONE_NUMBER, TABLE_ID, EMPLOYEE_ID, TAKING_DATE)
VALUES ('23-12-2021 16:13:00', 'Ahmet Şahin', 05438682053, 5, 7, SYSDATE);
INSERT INTO RESERVATION (RESERVATION_DATE, CUSTOMER_NAME, PHONE_NUMBER, TABLE_ID, EMPLOYEE_ID, TAKING_DATE)
VALUES ('24-12-2021 15:13:00', 'Ahmet Şahin', 05438682063, 6, 7, SYSDATE);
INSERT INTO RESERVATION (RESERVATION_DATE, CUSTOMER_NAME, PHONE_NUMBER, TABLE_ID, EMPLOYEE_ID, TAKING_DATE)
VALUES ('25-12-2021 21:13:00', 'Ahmet Şahin', 05438682073, 4, 7, SYSDATE);
INSERT INTO RESERVATION (RESERVATION_DATE, CUSTOMER_NAME, PHONE_NUMBER, TABLE_ID, EMPLOYEE_ID, TAKING_DATE)
VALUES ('26-12-2021 22:13:00', 'Ahmet Şahin', 05438682083, 5, 7, SYSDATE);
INSERT INTO RESERVATION (RESERVATION_DATE, CUSTOMER_NAME, PHONE_NUMBER, TABLE_ID, EMPLOYEE_ID, TAKING_DATE)
VALUES ('27-12-2021 18:13:00', 'Ahmet Şahin', 05438682093, 6, 7, SYSDATE);
INSERT INTO RESERVATION (RESERVATION_DATE, CUSTOMER_NAME, PHONE_NUMBER, TABLE_ID, EMPLOYEE_ID, TAKING_DATE)
VALUES ('28-12-2021 19:13:00', 'Ahmet Şahin', 05438682003, 4, 7, SYSDATE);

/* PAYMENT */

INSERT INTO PAYMENT (PAYMENT_DATE, AMOUNT, DISCOUNT, PAYMENT_TYPE, TIP, ORDER_ID, EMPLOYEE_ID)
VALUES (SYSDATE, 10.75, 0, 'CASH', 10, 1, 13);
INSERT INTO PAYMENT (PAYMENT_DATE, AMOUNT, DISCOUNT, PAYMENT_TYPE, TIP, ORDER_ID, EMPLOYEE_ID)
VALUES (SYSDATE, 55.50, 10, 'CASH', 10, 2, 14);
INSERT INTO PAYMENT (PAYMENT_DATE, AMOUNT, DISCOUNT, PAYMENT_TYPE, TIP, ORDER_ID, EMPLOYEE_ID)
VALUES (SYSDATE, 32.25, 5, 'CASH', 10, 3, 13);
INSERT INTO PAYMENT (PAYMENT_DATE, AMOUNT, DISCOUNT, PAYMENT_TYPE, TIP, ORDER_ID, EMPLOYEE_ID)
VALUES (SYSDATE, 20.45, 0, 'CASH', 10, 4, 14);
INSERT INTO PAYMENT (PAYMENT_DATE, AMOUNT, DISCOUNT, PAYMENT_TYPE, TIP, ORDER_ID, EMPLOYEE_ID)
VALUES (SYSDATE, 36.00, 0, 'CASH', 10, 5, 13);
INSERT INTO PAYMENT (PAYMENT_DATE, AMOUNT, DISCOUNT, PAYMENT_TYPE, TIP, ORDER_ID, EMPLOYEE_ID)
VALUES (SYSDATE, 43.35, 0, 'CASH', 10, 6, 14);
INSERT INTO PAYMENT (PAYMENT_DATE, AMOUNT, DISCOUNT, PAYMENT_TYPE, TIP, ORDER_ID, EMPLOYEE_ID)
VALUES (SYSDATE, 17.50, 20, 'CASH', 10, 7, 13);
INSERT INTO PAYMENT (PAYMENT_DATE, AMOUNT, DISCOUNT, PAYMENT_TYPE, TIP, ORDER_ID, EMPLOYEE_ID)
VALUES (SYSDATE, 45.55, 5, 'CASH', 10, 8, 14);
INSERT INTO PAYMENT (PAYMENT_DATE, AMOUNT, DISCOUNT, PAYMENT_TYPE, TIP, ORDER_ID, EMPLOYEE_ID)
VALUES (SYSDATE, 117.00, 0, 'CREDIT-CARD', 10, 9, 13);
INSERT INTO PAYMENT (PAYMENT_DATE, AMOUNT, DISCOUNT, PAYMENT_TYPE, TIP, ORDER_ID, EMPLOYEE_ID)
VALUES (SYSDATE, 96.75, 0, 'CREDIT-CARD', 10, 10, 14);
INSERT INTO PAYMENT (PAYMENT_DATE, AMOUNT, DISCOUNT, PAYMENT_TYPE, TIP, ORDER_ID, EMPLOYEE_ID)
VALUES (SYSDATE, 10.50, 0, 'CREDIT-CARD', 10, 11, 7);
INSERT INTO PAYMENT (PAYMENT_DATE, AMOUNT, DISCOUNT, PAYMENT_TYPE, TIP, ORDER_ID, EMPLOYEE_ID)
VALUES (SYSDATE, 15.50, 0, 'CREDIT-CARD', 10, 12, 7);
INSERT INTO PAYMENT (PAYMENT_DATE, AMOUNT, DISCOUNT, PAYMENT_TYPE, TIP, ORDER_ID, EMPLOYEE_ID)
VALUES (SYSDATE, 20.50, 15, 'CREDIT-CARD', 10, 13, 7);
INSERT INTO PAYMENT (PAYMENT_DATE, AMOUNT, DISCOUNT, PAYMENT_TYPE, TIP, ORDER_ID, EMPLOYEE_ID)
VALUES (SYSDATE, 37.50, 0, 'CREDIT-CARD', 10, 14, 7);
INSERT INTO PAYMENT (PAYMENT_DATE, AMOUNT, DISCOUNT, PAYMENT_TYPE, TIP, ORDER_ID, EMPLOYEE_ID)
VALUES (SYSDATE, 186.50, 0, 'CREDIT-CARD', 10, 15, 7);
INSERT INTO PAYMENT (PAYMENT_DATE, AMOUNT, DISCOUNT, PAYMENT_TYPE, TIP, ORDER_ID, EMPLOYEE_ID)
VALUES (SYSDATE, 45.50, 0, 'CREDIT-CARD', 10, 16, 7);
INSERT INTO PAYMENT (PAYMENT_DATE, AMOUNT, DISCOUNT, PAYMENT_TYPE, TIP, ORDER_ID, EMPLOYEE_ID)
VALUES (SYSDATE, 16.50, 0, 'CREDIT-CARD', 10, 17, 7);
INSERT INTO PAYMENT (PAYMENT_DATE, AMOUNT, DISCOUNT, PAYMENT_TYPE, TIP, ORDER_ID, EMPLOYEE_ID)
VALUES (SYSDATE, 21.50, 0, 'CREDIT-CARD', 10, 18, 7);
INSERT INTO PAYMENT (PAYMENT_DATE, AMOUNT, DISCOUNT, PAYMENT_TYPE, TIP, ORDER_ID, EMPLOYEE_ID)
VALUES (SYSDATE, 95.50, 0, 'CASH', 10, 19, 7);
INSERT INTO PAYMENT (PAYMENT_DATE, AMOUNT, DISCOUNT, PAYMENT_TYPE, TIP, ORDER_ID, EMPLOYEE_ID)
VALUES (SYSDATE, 59.50, 0, 'CASH', 10, 20, 7);

/* DELIVERY */

INSERT INTO DELIVERY (DELIVERY_STATUS, ORDER_ID, EMPLOYEE_ID)
VALUES ('PREPARING', 1, 13);
INSERT INTO DELIVERY (DELIVERY_STATUS, ORDER_ID, EMPLOYEE_ID)
VALUES ('READY', 2, 14);
INSERT INTO DELIVERY (DELIVERY_STATUS, ORDER_ID, EMPLOYEE_ID)
VALUES ('DELIVERED', 3, 13);
INSERT INTO DELIVERY (DELIVERY_STATUS, ORDER_ID, EMPLOYEE_ID)
VALUES ('PREPARING', 4, 14);
INSERT INTO DELIVERY (DELIVERY_STATUS, ORDER_ID, EMPLOYEE_ID)
VALUES ('READY', 5, 13);
INSERT INTO DELIVERY (DELIVERY_STATUS, ORDER_ID, EMPLOYEE_ID)
VALUES ('DELIVERED', 6, 14);
INSERT INTO DELIVERY (DELIVERY_STATUS, ORDER_ID, EMPLOYEE_ID)
VALUES ('PREPARING', 7, 13);
INSERT INTO DELIVERY (DELIVERY_STATUS, ORDER_ID, EMPLOYEE_ID)
VALUES ('READY', 8, 14);
INSERT INTO DELIVERY (DELIVERY_STATUS, ORDER_ID, EMPLOYEE_ID)
VALUES ('DELIVERED', 9, 13);
INSERT INTO DELIVERY (DELIVERY_STATUS, ORDER_ID, EMPLOYEE_ID)
VALUES ('PREPARING', 10, 14);

/* INCLUDES */

INSERT INTO INCLUDES (INGREDIENT_ID, PRODUCT_ID, QUANTITY)
VALUES (3,1,1);
INSERT INTO INCLUDES (INGREDIENT_ID, PRODUCT_ID, QUANTITY)
VALUES (20,1,2);
INSERT INTO INCLUDES (INGREDIENT_ID, PRODUCT_ID, QUANTITY)
VALUES (20,2,3);
INSERT INTO INCLUDES (INGREDIENT_ID, PRODUCT_ID, QUANTITY)
VALUES (3,2,4);
INSERT INTO INCLUDES (INGREDIENT_ID, PRODUCT_ID, QUANTITY)
VALUES (8,2,5);
INSERT INTO INCLUDES (INGREDIENT_ID, PRODUCT_ID, QUANTITY)
VALUES (19,2,6);
INSERT INTO INCLUDES (INGREDIENT_ID, PRODUCT_ID, QUANTITY)
VALUES (16,2,7);
INSERT INTO INCLUDES (INGREDIENT_ID, PRODUCT_ID, QUANTITY)
VALUES (2,6,8);
INSERT INTO INCLUDES (INGREDIENT_ID, PRODUCT_ID, QUANTITY)
VALUES (1,6,9);
INSERT INTO INCLUDES (INGREDIENT_ID, PRODUCT_ID, QUANTITY)
VALUES (8,6,10);
INSERT INTO INCLUDES (INGREDIENT_ID, PRODUCT_ID, QUANTITY)
VALUES (9,6,11);
INSERT INTO INCLUDES (INGREDIENT_ID, PRODUCT_ID, QUANTITY)
VALUES (1,18,12);
INSERT INTO INCLUDES (INGREDIENT_ID, PRODUCT_ID, QUANTITY)
VALUES (2,18,1);
INSERT INTO INCLUDES (INGREDIENT_ID, PRODUCT_ID, QUANTITY)
VALUES (3,18,2);
INSERT INTO INCLUDES (INGREDIENT_ID, PRODUCT_ID, QUANTITY)
VALUES (8,18,3);
INSERT INTO INCLUDES (INGREDIENT_ID, PRODUCT_ID, QUANTITY)
VALUES (9,18,4);
INSERT INTO INCLUDES (INGREDIENT_ID, PRODUCT_ID, QUANTITY)
VALUES (18,16,5);
INSERT INTO INCLUDES (INGREDIENT_ID, PRODUCT_ID, QUANTITY)
VALUES (8,16,6);
INSERT INTO INCLUDES (INGREDIENT_ID, PRODUCT_ID, QUANTITY)
VALUES (2,16,7);
INSERT INTO INCLUDES (INGREDIENT_ID, PRODUCT_ID, QUANTITY)
VALUES (1,16,8);

/* CONTAIN */

INSERT INTO CONTAIN (PRODUCT_ID, ORDER_ID, QUANTITY, SPECIALIZATION, PRICE)
VALUES (1, 1, 1, 'No Specialization', 15);
INSERT INTO CONTAIN (PRODUCT_ID, ORDER_ID, QUANTITY, SPECIALIZATION, PRICE)
VALUES (2, 1, 1, 'No Specialization', 10);
INSERT INTO CONTAIN (PRODUCT_ID, ORDER_ID, QUANTITY, SPECIALIZATION, PRICE)
VALUES (6, 1, 1, 'No Specialization', 35);
INSERT INTO CONTAIN (PRODUCT_ID, ORDER_ID, QUANTITY, SPECIALIZATION, PRICE)
VALUES (18, 1, 1, 'No Specialization', 25);
INSERT INTO CONTAIN (PRODUCT_ID, ORDER_ID, QUANTITY, SPECIALIZATION, PRICE)
VALUES (16, 1, 1, 'No Specialization', 10);
INSERT INTO CONTAIN (PRODUCT_ID, ORDER_ID, QUANTITY, SPECIALIZATION, PRICE)
VALUES (1, 2, 1, 'No Specialization', 15);
INSERT INTO CONTAIN (PRODUCT_ID, ORDER_ID, QUANTITY, SPECIALIZATION, PRICE)
VALUES (2, 2, 1, 'No Specialization', 10);
INSERT INTO CONTAIN (PRODUCT_ID, ORDER_ID, QUANTITY, SPECIALIZATION, PRICE)
VALUES (6, 2, 1, 'No Specialization', 35);
INSERT INTO CONTAIN (PRODUCT_ID, ORDER_ID, QUANTITY, SPECIALIZATION, PRICE)
VALUES (1, 3, 1, 'No Specialization', 15);
INSERT INTO CONTAIN (PRODUCT_ID, ORDER_ID, QUANTITY, SPECIALIZATION, PRICE)
VALUES (2, 3, 1, 'No Specialization', 10);
INSERT INTO CONTAIN (PRODUCT_ID, ORDER_ID, QUANTITY, SPECIALIZATION, PRICE)
VALUES (6, 3, 1, 'No Specialization', 35);
INSERT INTO CONTAIN (PRODUCT_ID, ORDER_ID, QUANTITY, SPECIALIZATION, PRICE)
VALUES (18, 3, 1, 'No Specialization', 25);
INSERT INTO CONTAIN (PRODUCT_ID, ORDER_ID, QUANTITY, SPECIALIZATION, PRICE)
VALUES (1, 4, 1, 'No Specialization', 15);
INSERT INTO CONTAIN (PRODUCT_ID, ORDER_ID, QUANTITY, SPECIALIZATION, PRICE)
VALUES (1, 5, 1, 'No Specialization', 15);
INSERT INTO CONTAIN (PRODUCT_ID, ORDER_ID, QUANTITY, SPECIALIZATION, PRICE)
VALUES (2, 5, 1, 'No Specialization', 10);
INSERT INTO CONTAIN (PRODUCT_ID, ORDER_ID, QUANTITY, SPECIALIZATION, PRICE)
VALUES (1, 6, 1, 'No Specialization', 15);
INSERT INTO CONTAIN (PRODUCT_ID, ORDER_ID, QUANTITY, SPECIALIZATION, PRICE)
VALUES (2, 6, 1, 'No Specialization', 10);
INSERT INTO CONTAIN (PRODUCT_ID, ORDER_ID, QUANTITY, SPECIALIZATION, PRICE)
VALUES (18, 6, 1, 'No Specialization', 10);
INSERT INTO CONTAIN (PRODUCT_ID, ORDER_ID, QUANTITY, SPECIALIZATION, PRICE)
VALUES (16, 7, 1, 'No Specialization', 10);
INSERT INTO CONTAIN (PRODUCT_ID, ORDER_ID, QUANTITY, SPECIALIZATION, PRICE)
VALUES (6, 8, 1, 'No Specialization', 35);

/* SERVED TO */

INSERT INTO SERVED_TO (TABLE_ID, ORDER_ID)
VALUES (1,11);
INSERT INTO SERVED_TO (TABLE_ID, ORDER_ID)
VALUES (2,12);
INSERT INTO SERVED_TO (TABLE_ID, ORDER_ID)
VALUES (3,13);
INSERT INTO SERVED_TO (TABLE_ID, ORDER_ID)
VALUES (4,14);
INSERT INTO SERVED_TO (TABLE_ID, ORDER_ID)
VALUES (5,15);
INSERT INTO SERVED_TO (TABLE_ID, ORDER_ID)
VALUES (6,16);
INSERT INTO SERVED_TO (TABLE_ID, ORDER_ID)
VALUES (7,17);
INSERT INTO SERVED_TO (TABLE_ID, ORDER_ID)
VALUES (8,18);
INSERT INTO SERVED_TO (TABLE_ID, ORDER_ID)
VALUES (9,19);
INSERT INTO SERVED_TO (TABLE_ID, ORDER_ID)
VALUES (9,20);